{
    "ticker": "HYPE",
    "timestamp": "2025-09-30T20:03:48.251918",
    "market_data": {
        "mid_price": 45.4469,
        "sigma": 0.008288655468846778,
        "A": 0.025686075116325063,
        "k": 7.947496206574452e-07
    },
    "optimal_parameters": {
        "gamma": 0.1
    },
    "current_state": {
        "time_remaining": 0.5,
        "inventory": 1,
        "minutes_window": 10,
        "hours_window": 0.16666666666666666,
        "ma_window": 3
    },
    "calculated_values": {
        "reservation_price": 45.44689656490952,
        "gap": 3.435090476955338e-06,
        "spread_base": 234.8532348138252,
        "half_spread": 117.4266174069126
    },
    "limit_orders": {
        "ask_price": 162.87351053673166,
        "bid_price": -71.97972427709355,
        "delta_a": 117.42661397182212,
        "delta_b": 117.42662084200308,
        "delta_a_percent": 258.3820105921903,
        "delta_b_percent": 258.382025709131
    }
}