{
    "ticker": "ASTER",
    "timestamp": "2025-09-30T20:04:04.114303",
    "market_data": {
        "mid_price": 1.63362,
        "sigma": 0.04067263394856326,
        "A": 0.03863670645877518,
        "k": 239.22138818323677
    },
    "optimal_parameters": {
        "gamma": 0.1
    },
    "current_state": {
        "time_remaining": 0.5,
        "inventory": 1,
        "minutes_window": 10,
        "hours_window": 0.16666666666666666,
        "ma_window": 3
    },
    "calculated_values": {
        "reservation_price": 1.6335372868423843,
        "gap": 8.271315761576581e-05,
        "spread_base": 0.008441422672772987,
        "half_spread": 0.004220711336386494
    },
    "limit_orders": {
        "ask_price": 1.6376752850211551,
        "bid_price": 1.629233862348382,
        "delta_a": 0.004137998178770728,
        "delta_b": 0.004303424494002259,
        "delta_a_percent": 0.2533023701210029,
        "delta_b_percent": 0.26342873458957766
    }
}