{
    "ticker": "ASTER",
    "timestamp": "2025-10-01T12:28:37.012837",
    "market_data": {
        "mid_price": 1.699195,
        "sigma": 0.003498977697405947,
        "A": 0.09870779873100265,
        "k": 3541.197276166636
    },
    "optimal_parameters": {
        "gamma": 0.1
    },
    "current_state": {
        "time_remaining": 0.5,
        "inventory": 1,
        "minutes_window": 10,
        "hours_window": 0.16666666666666666,
        "ma_window": 3
    },
    "calculated_values": {
        "reservation_price": 1.6991943878577536,
        "gap": 6.121422464477888e-07,
        "spread_base": 0.000565384902846373,
        "half_spread": 0.0002826924514231865
    },
    "limit_orders": {
        "ask_price": 1.6994764681669303,
        "bid_price": 1.698911083264084,
        "delta_a": 0.0002820803091767387,
        "delta_b": 0.0002833045936696343,
        "delta_a_percent": 0.016600820340027998,
        "delta_b_percent": 0.01667287119310228
    }
}