{
    "ticker": "ASTER",
    "timestamp": "2025-10-02T14:24:06.052179",
    "market_data": {
        "mid_price": 1.783355,
        "sigma": 0.009186698650865605,
        "A": 0.07021261516953621,
        "k": 69.08279160188276
    },
    "optimal_parameters": {
        "gamma": 97.66937999999999
    },
    "current_state": {
        "time_remaining": 0.5,
        "inventory": 1,
        "minutes_window": 10,
        "hours_window": 0.16666666666666666,
        "ma_window": 3
    },
    "calculated_values": {
        "reservation_price": 1.7792335752358919,
        "gap": 0.00412142476410815,
        "spread_base": 0.022166036989637067,
        "half_spread": 0.011083018494818533
    },
    "limit_orders": {
        "ask_price": 1.6376752850211551,
        "bid_price": 1.629233862348382,
        "delta_a": 0.004137998178770728,
        "delta_b": 0.004303424494002259,
        "delta_a_percent": 0.2533023701210029,
        "delta_b_percent": 0.26342873458957766
    }
}
