{
    "ticker": "ASTER",
    "timestamp": "2025-10-01T15:43:10.907918",
    "market_data": {
        "mid_price": 1.6564450000000002,
        "sigma": 0.007504904652056811,
        "A": 0.2672453134795066,
        "k": 111.05972562726014
    },
    "optimal_parameters": {
        "gamma": 114.44462666666665
    },
    "current_state": {
        "time_remaining": 0.5,
        "inventory": 1,
        "minutes_window": 10,
        "hours_window": 0.16666666666666666,
        "ma_window": 3
    },
    "calculated_values": {
        "reservation_price": 1.6532220336654306,
        "gap": 0.0032229663345695325,
        "spread_base": 0.015600503921167344,
        "half_spread": 0.007800251960583672
    },
    "limit_orders": {
        "ask_price": 1.6577993192914449,
        "bid_price": 1.6421988153702773,
        "delta_a": 0.004577285626014139,
        "delta_b": 0.011023218295153205,
        "delta_a_percent": 0.2763318809869412,
        "delta_b_percent": 0.6654744525265375
    }
}