{
    "ticker": "HYPE",
    "timestamp": "2025-09-29T04:38:01.095976",
    "market_data": {
        "mid_price": 47.456950000000006,
        "sigma": 0.010649332107795229,
        "A": 0.04192280717683461,
        "k": 13.548599689152837
    },
    "optimal_parameters": {
        "gamma": 265.31145
    },
    "current_state": {
        "time_remaining": 0.5,
        "inventory": 1,
        "minutes_window": 10,
        "hours_window": 0.16666666666666666,
        "ma_window": 3
    },
    "calculated_values": {
        "reservation_price": 47.44190574314615,
        "gap": 0.015044256853855131,
        "spread_base": 0.037843324469986034,
        "half_spread": 0.018921662234993017
    },
    "limit_orders": {
        "ask_price": 47.44578314852729,
        "bid_price": 47.4079398240573,
        "delta_a": 0.0038774053811378856,
        "delta_b": 0.03396591908884815,
        "delta_a_percent": 0.008170363626693003,
        "delta_b_percent": 0.07157206497435707
    }
}