{
    "ticker": "ASTER",
    "timestamp": "2025-10-01T15:53:20.580668",
    "market_data": {
        "mid_price": 1.650155,
        "sigma": 0.007080782658381362,
        "A": 0.27091518034019063,
        "k": 20.90531607382098
    },
    "optimal_parameters": {
        "gamma": 381.5494066666667
    },
    "current_state": {
        "time_remaining": 0.5,
        "inventory": 1,
        "minutes_window": 10,
        "hours_window": 0.16666666666666666,
        "ma_window": 3
    },
    "calculated_values": {
        "reservation_price": 1.6405900365442576,
        "gap": 0.009564963455742426,
        "spread_base": 0.02506795763967918,
        "half_spread": 0.01253397881983959
    },
    "limit_orders": {
        "ask_price": 1.6435590519083547,
        "bid_price": 1.6184910942686757,
        "delta_a": 0.002969015364097164,
        "delta_b": 0.022098942275582015,
        "delta_a_percent": 0.17992342319946697,
        "delta_b_percent": 1.3392040308687374
    }
}