{
    "best_parameters": {
        "atr_period": 30,
        "atr_multiplier": 9.200000000000006
    },
    "backtest_performance": {
        "sharpe_ratio": 0.2306930289010639,
        "cumulative_return_pct": 39.764916759687054,
        "trades": 32
    },
    "current_signal": {
        "trend": 1,
        "interval": "5m",
        "timestamp_utc": "2025-10-01T12:35:00"
    }
}