{
    "best_parameters": {
        "atr_period": 25,
        "atr_multiplier": 9.000000000000007
    },
    "backtest_performance": {
        "sharpe_ratio": 0.3573456667031609,
        "cumulative_return_pct": 27.733858148223977,
        "trades": 8
    },
    "current_signal": {
        "trend": 1,
        "interval": "5m",
        "timestamp_utc": "2025-10-01T17:45:00"
    }
}