{
    "best_parameters": {
        "atr_period": 25,
        "atr_multiplier": 9.000000000000007
    },
    "backtest_performance": {
        "sharpe_ratio": 0.356190162915732,
        "cumulative_return_pct": 27.645832873997776,
        "trades": 8
    },
    "current_signal": {
        "trend": 1,
        "interval": "5m",
        "timestamp_utc": "2025-10-01T15:45:00"
    }
}