{
    "best_parameters": {
        "atr_period": 25,
        "atr_multiplier": 9.000000000000007
    },
    "backtest_performance": {
        "sharpe_ratio": 0.42833252422900653,
        "cumulative_return_pct": 32.291963196198736,
        "trades": 7
    },
    "current_signal": {
        "trend": 1,
        "interval": "5m",
        "timestamp_utc": "2025-10-01T08:15:00"
    }
}