{
    "best_parameters": {
        "atr_period": 25,
        "atr_multiplier": 9.500000000000007
    },
    "backtest_performance": {
        "sharpe_ratio": 0.3947540579195439,
        "cumulative_return_pct": 35.06097712222902,
        "trades": 8
    },
    "current_signal": {
        "trend": 1,
        "interval": "5m",
        "timestamp_utc": "2025-10-03T06:55:00"
    }
}