{
    "best_parameters": {
        "atr_period": 20,
        "atr_multiplier": 6.300000000000003
    },
    "backtest_performance": {
        "sharpe_ratio": 0.21810073504517333,
        "cumulative_return_pct": 38.50292150448487,
        "trades": 84
    },
    "current_signal": {
        "trend": 1,
        "interval": "1m",
        "timestamp_utc": "2025-09-29T08:30:00"
    }
}