{
    "best_parameters": {
        "atr_period": 25,
        "atr_multiplier": 9.000000000000007
    },
    "backtest_performance": {
        "sharpe_ratio": 0.34403201663898586,
        "cumulative_return_pct": 26.729604584878096,
        "trades": 8
    },
    "current_signal": {
        "trend": -1,
        "interval": "5m",
        "timestamp_utc": "2025-10-01T16:10:00"
    }
}